﻿{
  "ID": "do_Animation",
  "IsContainer": "0",
  "Type": "MM",
  "UIType": "Layout",
  "Name": "动画组合",
  "Version": "Internal",
  "Description": "所有UI组件缩放，移动，透明度变化，旋转都支持动画效果。这个类就是用来定义动画所有属性值的集合，作为UI的animate方法的参数",
  "Icon": "",
  "BBS": "",
  "Keyword": "其它类型",
  "IOS": {
    "Support": 1,
    "MinVersion": "7"
  },
  "Android": {
    "Support": 1,
    "MinVersion": "4.0"
  },
  "Windows": {
    "Support": 1,
    "MinVersion": "10"
  },
  "WindowsPhone": {
    "Support": 1,
    "MinVersion": "10"
  },
  "Html": {
    "Support": 1,
    "MinVersion": "5.0"
  },
  "Properties": [
    {
      "ID": "fillAfter",
      "Name": "是否保持动画的最后一帧在View上面",
      "Type": "Bool",
      "Type_JavaScript": "Bool",
      "DefaultValue": "",
      "EditType": "1",
      "Group": "",
      "Description": "是否保持动画的最后一帧在View上面",
      "Design": {
        "Type": "Boolean",
        "Data": []
      }
    }
  ],
  "Events": [],
  "syncMethodes": [
    {
      "ID": "alpha",
      "Name": "透明度动画",
      "Description": "设置透明动画的参数",
      "ReturnType": "",
      "ReturnType_JavaScript": "",
      "ReturnDesc": "",
      "Paras": [
        {
          "ID": "data",
          "Name": "参数集",
          "Type": "Node",
          "Type_JavaScript": "Node",
          "Required": 1,
          "DefaultValue": "",
          "Description": "这是一个JSON node节点，包含多个参数，参数集合如下：\r\n{ \r\n    'delay':'动画延迟时间（毫秒）',\r\n    'duration':'动画过渡时间（毫秒）',\r\n    'curve':'动画曲线类型四种情况：1.'EaseInOut'动画启动时候慢，中间快，结束的时候慢、2.'EaseIn'动画启动的时候慢、3.'EaseOut'动画结束的时候慢、4.'Linear'动画速度不变',\r\n    'repeatCount':'动画重复次数，默认不重复，为-1时无限重复'\r\n    'autoReverse':'是否自动动画反转',\r\n    'alphaFrom':'起始透明值，取值0-1，0表示透明',\r\n    'alphaTo':'结束透明值，取值0-1，0表示透明'\r\n}\r\n  \r\n"
        },
        {
          "ID": "id",
          "Name": "动画唯一标识",
          "Type": "String",
          "Type_JavaScript": "String",
          "Required": 0,
          "DefaultValue": "",
          "Description": "每次调用这个函数都会创建一个新的动画属性集合，如果动画id一样，则会覆盖旧的动画属性值"
        }
      ]
    },
    {
      "ID": "rotate",
      "Name": "旋转动画",
      "Description": "设置UI组件旋转动画的属性集",
      "ReturnType": "",
      "ReturnType_JavaScript": "",
      "ReturnDesc": "",
      "Paras": [
        {
          "ID": "data",
          "Name": "动画属性集",
          "Type": "Node",
          "Type_JavaScript": "Node",
          "Required": 1,
          "DefaultValue": "",
          "Description": "这是一个JSON node节点的参数集合，包含以下参数：\r\n{ \r\n    'delay':'动画延迟时间（毫秒）',\r\n    'duration':'动画过渡时间（毫秒）',\r\n    'curve':'动画曲线类型四种情况：1.'EaseInOut'动画启动时候慢，中间快，结束的时候慢、2.'EaseIn'动画启动的时候慢、3.'EaseOut'动画结束的时候慢、4.'Linear'动画速度不变',\r\n    'repeatCount':'动画重复次数，默认不重复，为-1时无限重复'\r\n    'autoReverse':'是否自动动画反转',\r\n    'fromDegree':'起始旋转角度，取值是0-360',\r\n    'toDegree':'结束旋转角度，取值是0-360',\r\n    'pivotX':'旋转中心点x坐标',\r\n    'pivotY':'旋转中心点y坐标'\r\n，其中pivotX、pivotY这两个值的取值范围为0-1，如果不设置表示旋转中心点是组件的右上角，设置成0.5选装中心点即为组件的中心点，设置成1旋转中心点是组件的右下角}"
        },
        {
          "ID": "id",
          "Name": "动画唯一标识",
          "Type": "String",
          "Type_JavaScript": "String",
          "Required": 0,
          "DefaultValue": "",
          "Description": "每次调用这个函数都会创建一个新的动画属性集合，如果动画id一样，则会覆盖旧的动画属性值"
        }
      ]
    },
    {
      "ID": "scale",
      "Name": "缩放动画",
      "Description": "设置UI组件按照比例缩放动画效果属性集合",
      "ReturnType": "",
      "ReturnType_JavaScript": "",
      "ReturnDesc": "",
      "Paras": [
        {
          "ID": "data",
          "Name": "动画属性集",
          "Type": "Node",
          "Type_JavaScript": "Node",
          "Required": 1,
          "DefaultValue": "",
          "Description": "这是一个JSON node节点的参数集合，包含以下参数：\r\n{ \r\n    'delay':'动画延迟时间（毫秒）',\r\n    'duration':'动画过渡时间（毫秒）',\r\n    'curve':'动画曲线类型四种情况：1.'EaseInOut'动画启动时候慢，中间快，结束的时候慢、2.'EaseIn'动画启动的时候慢、3.'EaseOut'动画结束的时候慢、4.'Linear'动画速度不变',\r\n    'repeatCount':'动画重复次数，默认不重复，为-1时无限重复'\r\n    'autoReverse':'是否自动动画反转',\r\n    'scaleFromX':'起始x的伸缩比例',\r\n    'scaleFromY':'起始y的伸缩比例',\r\n    'scaleToX':'结束x的伸缩比例',\r\n    'scaleToY':'结束y的伸缩比例',\r\n    'pivotX':'缩放起点x坐标',\r\n    'pivotY':'缩放起点y坐标'\r\n}\r\n  \r\n  "
        },
        {
          "ID": "id",
          "Name": "动画唯一标识",
          "Type": "String",
          "Type_JavaScript": "String",
          "Required": 0,
          "DefaultValue": "",
          "Description": "每次调用这个函数都会创建一个新的动画属性集合，如果动画id一样，则会覆盖旧的动画属性值"
        }
      ]
    },
    {
      "ID": "transfer",
      "Name": "位移动画",
      "Description": "UI组件移动动画，从起点坐标到终点坐标",
      "ReturnType": "",
      "ReturnType_JavaScript": "",
      "ReturnDesc": "",
      "Paras": [
        {
          "ID": "data",
          "Name": "动画参数集",
          "Type": "Node",
          "Type_JavaScript": "Node",
          "Required": 1,
          "DefaultValue": "",
          "Description": "这是一个JSON node节点的参数集合，包含以下参数：\r\n{ \r\n    'delay':'动画延迟时间（毫秒）',\r\n    'duration':'动画过渡时间（毫秒）',\r\n    'curve':'动画曲线类型四种情况：1.'EaseInOut'动画启动时候慢，中间快，结束的时候慢、2.'EaseIn'动画启动的时候慢、3.'EaseOut'动画结束的时候慢、4.'Linear'动画速度不变',\r\n    'repeatCount':'动画重复次数，默认不重复，为-1时无限重复'\r\n    'autoReverse':'是否自动动画反转',\r\n    'fromX':'起始x坐标',\r\n    'fromY':'起始y坐标'，\r\n    'toX':'结束x坐标',\r\n    'toY':'结束y坐标'\r\n}，其中fromx,fromy,tox,toy都是相对于当前组件的位置的值，而不是绝对值，比如100，表示当前坐标值加100，而不是绝对坐标100"
        },
        {
          "ID": "id",
          "Name": "动画唯一标识",
          "Type": "String",
          "Type_JavaScript": "String",
          "Required": 0,
          "DefaultValue": "",
          "Description": "每次调用这个函数都会创建一个新的动画属性集合，如果动画id一样，则会覆盖旧的动画属性值"
        }
      ]
    }
  ],
  "asyncMethodes": []
}