﻿{
  "ID": "do_Album",
  "IsContainer": "0",
  "Type": "SM",
  "UIType": "Layout",
  "Name": "相册",
  "Version": "Internal",
  "Description": "可以通过打开手机的系统相册选择图片然后保存在本地目录下，且可以指定保存过后图片的质量，宽高；也支持一张本地的图片收藏到系统相册",
  "Icon": "https://do-store.oss-cn-beijing.aliyuncs.com/D/20160121/do_Album/相册.jpg",
  "BBS": "",
  "Keyword": "设备功能,图片处理",
  "IOS": {
    "Support": 1,
    "MinVersion": "7"
  },
  "Android": {
    "Support": 1,
    "MinVersion": "4.0"
  },
  "Windows": {
    "Support": 1,
    "MinVersion": "10"
  },
  "WindowsPhone": {
    "Support": 1,
    "MinVersion": "10"
  },
  "Html": {
    "Support": 1,
    "MinVersion": "5.0"
  },
  "Properties": [],
  "Events": [],
  "syncMethodes": [],
  "asyncMethodes": [
    {
      "ID": "save",
      "Name": "收藏图片到系统相册",
      "Description": "将一个data://下的图片文件保存到系统相册，保存成功后，在系统的相册里就能看到。\r\n\r\n保存到相册前可以进行图片的缩放和压缩等处理，规则和select方法一致。\r\n\r\n<pre class=\"brush: js;toolbar:false;\">var album = sm(\"do_Album\");\nalbum.save(\"data://test.png\", \"test.png\", function(data, e) {\n\tdeviceone.print(\"收藏成功\");\n})\nalbum.save({path:\"data://test.png\", name:\"test.png\",height:50,quality:100}, function(data, e) {\n\tdeviceone.print(\"收藏成功\");\n})</pre>",
      "ReturnType": "Bool",
      "ReturnType_JavaScript": "Bool",
      "ReturnDesc": "保存成功返回true，保存失败返回false",
      "Paras": [
        {
          "ID": "path",
          "Name": "图片源路径",
          "Type": "String",
          "Type_JavaScript": "String",
          "Required": 1,
          "DefaultValue": "",
          "Description": "要收藏的图片文件路径,只支持data://下文件"
        },
        {
          "ID": "name",
          "Name": "目标图片名称",
          "Type": "String",
          "Type_JavaScript": "String",
          "Required": 0,
          "DefaultValue": "default.jpg",
          "Description": "收藏到相册后的图片的名称,如果要收藏多个图片，记得设置不同的名称，否则会被覆盖"
        },
        {
          "ID": "width",
          "Name": "宽度",
          "Type": "Number",
          "Type_JavaScript": "Number",
          "Required": 0,
          "DefaultValue": "",
          "Description": "保存后的图片的宽度，不设置就是不缩放，宽度越小，图片的文件大小越小"
        },
        {
          "ID": "height",
          "Name": "高度",
          "Type": "Number",
          "Type_JavaScript": "Number",
          "Required": 0,
          "DefaultValue": "",
          "Description": "保存后的图片的高度，不设置就是不缩放，高度越小，图片的文件大小越小"
        },
        {
          "ID": "quality",
          "Name": "清晰度",
          "Type": "Number",
          "Type_JavaScript": "Number",
          "Required": 0,
          "DefaultValue": "100",
          "Description": "清晰度1-100,缺省是100表示原始的图片质量，质量越小越模糊，但是图片的文件大小越小"
        }
      ]
    },
    {
      "ID": "select",
      "Name": "从系统相册选择照片",
      "Description": " 可以单选一张图片或者复选多张图片，选定的图片经过缩放最后默认会保存到data://temp/do_Album/目录下一个随机的名字的png文件上，然后返回给用户。\r\n\r\n 在Android下保存的文件名的扩展名是.png.do,这是为了避免Android的系统自动把图片加到系统相册。\r\n\r\n通常相册里的图片分辨率很高，很多超过1m，在App开发中最好通过缩放和减少图片质量来减少文件大小。\r\n\r\n这里图片缩放有可能导致图片变形，因为你选择的宽高比和图片自身的宽高比可能不一致，要解决的办法就是通过设置width或者height的参数值为－1来保证宽高比不变。\r\n\r\n<pre class=\"brush: js;toolbar:false;\">var album = sm(\"do_Album\");\nalbum.select(1, 188, -1, 100, true, function(data, e) {\n\tdeviceone.print(data[0]);\n})\nalbum.select({maxCount:1, width:188, height:-1, quality:100, iscut:true}, function(data, e) {\n\tdeviceone.print(data[0]);\n})</pre>",
      "ReturnType": "Node",
      "ReturnType_JavaScript": "Node",
      "ReturnDesc": "返回一个js数组，类似[\"data://temp/do_Album/random1.png\",\"data://temp/do_Album/random1.png\",...]",
      "Paras": [
        {
          "ID": "maxCount",
          "Name": "总共最多选几张",
          "Type": "Number",
          "Type_JavaScript": "Number",
          "Required": 0,
          "DefaultValue": "9",
          "Description": "可设置让用户最多一次能选择图片的张数"
        },
        {
          "ID": "width",
          "Name": "宽度",
          "Type": "Number",
          "Type_JavaScript": "Number",
          "Required": 0,
          "DefaultValue": "",
          "Description": "保存后的图片的宽度，不设置就是不缩放，宽度越小，图片的文件大小越小"
        },
        {
          "ID": "height",
          "Name": "高度",
          "Type": "Number",
          "Type_JavaScript": "Number",
          "Required": 0,
          "DefaultValue": "",
          "Description": "保存后的图片的高度，不设置就是不缩放，高度越小，图片的文件大小越小"
        },
        {
          "ID": "quality",
          "Name": "清晰度",
          "Type": "Number",
          "Type_JavaScript": "Number",
          "Required": 0,
          "DefaultValue": "100",
          "Description": "清晰度1-100,缺省是100表示原始的图片质量，质量越小越模糊，但是图片的文件大小越小"
        },
        {
          "ID": "iscut",
          "Name": "是否启动中间取景界面",
          "Type": "Bool",
          "Type_JavaScript": "Bool",
          "Required": 0,
          "DefaultValue": "false",
          "Description": "只有在maxCount设置为1时该参数设置成true才有效。\r\n\r\n如果这个值为true的话，照片选择结束后会出现一个中间的取景界面，有一个矩形框让用户对照片进行裁剪。\r\n\r\n这里可以参考<a href=\"http://doc.deviceone.net/web/doc/code4do/imagecrop.htm\">do_ImageCropView</a>组件来实现新的取景方法。\r\n\r\n注:windows不支持这个参数。\r\n"
        }
      ]
    }
  ]
}