﻿{
  "ID": "do_External",
  "IsContainer": "0",
  "Type": "SM",
  "UIType": "Layout",
  "Name": "启动外部应用",
  "Version": "Internal",
  "Description": "启动外部应用或系统的一些应用，比如浏览器，短信等",
  "Icon": "https://do-store.oss-cn-beijing.aliyuncs.com/D/20160121/do_External/external.jpg",
  "BBS": "",
  "Keyword": "设备功能",
  "IOS": {
    "Support": 1,
    "MinVersion": "7.0"
  },
  "Android": {
    "Support": 1,
    "MinVersion": "4.0"
  },
  "Windows": {
    "Support": 1,
    "MinVersion": "10"
  },
  "WindowsPhone": {
    "Support": 1,
    "MinVersion": "10"
  },
  "Html": {
    "Support": 1,
    "MinVersion": "5.0"
  },
  "Properties": [],
  "Events": [],
  "syncMethodes": [
    {
      "ID": "bulkSMS",
      "Name": "打开发送短信界面，支持群发短信",
      "Description": "",
      "ReturnType": "",
      "ReturnType_JavaScript": "",
      "ReturnDesc": "",
      "Paras": [
        {
          "ID": "number",
          "Name": "手机号",
          "Type": "Node",
          "Type_JavaScript": "Node",
          "Required": 1,
          "DefaultValue": "",
          "Description": "手机号，为JSON Array格式，如['10086','138xxx']"
        },
        {
          "ID": "body",
          "Name": "内容",
          "Type": "String",
          "Type_JavaScript": "String",
          "Required": 0,
          "DefaultValue": "",
          "Description": "内容"
        }
      ]
    },
    {
      "ID": "existApp",
      "Name": "应用是否安装",
      "Description": "判断当前设备上是否安装了某一应用，windows平台不支持",
      "ReturnType": "",
      "ReturnType_JavaScript": "",
      "ReturnDesc": "安装了返回true，没安装返回false",
      "Paras": [
        {
          "ID": "key",
          "Name": "key",
          "Type": "String",
          "Type_JavaScript": "String",
          "Required": 1,
          "DefaultValue": "",
          "Description": "iOS平台该值为应用的URL scheme值，Android平台该值为应用的包名，需区分对待"
        }
      ]
    },
    {
      "ID": "installApp",
      "Name": "安装app",
      "Description": "执行这个方法会打开系统的安装界面安装data://目录下的一个apk文件，仅支持android平台",
      "ReturnType": "",
      "ReturnType_JavaScript": "",
      "ReturnDesc": "",
      "Paras": [
        {
          "ID": "path",
          "Name": "安装包存放地址",
          "Type": "String",
          "Type_JavaScript": "String",
          "Required": 1,
          "DefaultValue": "",
          "Description": "只支持data://目录"
        }
      ]
    },
    {
      "ID": "openApp",
      "Name": "启动第三方应用",
      "Description": "如果唤醒id对应的应用不存在，返回失败。详细文档，请参考http://bbs.deviceone.net/forum.php?mod=viewthread&tid=224",
      "ReturnType": "Bool",
      "ReturnType_JavaScript": "Bool",
      "ReturnDesc": "返回true或false",
      "Paras": [
        {
          "ID": "wakeupid",
          "Name": "唤醒id",
          "Type": "String",
          "Type_JavaScript": "String",
          "Required": 1,
          "DefaultValue": "",
          "Description": "其他应用被唤醒的唯一标识。不同的手机操作系统唤醒机制不一样，唤醒id的格式也不一样。我们会有专门的文档介绍"
        },
        {
          "ID": "data",
          "Name": "传递数据",
          "Type": "Node",
          "Type_JavaScript": "Node",
          "Required": 0,
          "DefaultValue": "",
          "Description": "打开其他应用可以传递一些数据，数据的格式是JSON的键值对"
        }
      ]
    },
    {
      "ID": "openContact",
      "Name": "打开系统通讯录界面",
      "Description": "iOS平台8.0以下不支持",
      "ReturnType": "",
      "ReturnType_JavaScript": "",
      "ReturnDesc": "",
      "Paras": []
    },
    {
      "ID": "openDial",
      "Name": "打开拨号界面",
      "Description": "直接打开系统拨号界面",
      "ReturnType": "",
      "ReturnType_JavaScript": "",
      "ReturnDesc": "",
      "Paras": [
        {
          "ID": "number",
          "Name": "号码",
          "Type": "String",
          "Type_JavaScript": "String",
          "Required": 1,
          "DefaultValue": "",
          "Description": "拨号界面显示的号码"
        }
      ]
    },
    {
      "ID": "openFile",
      "Name": "打开外部文档",
      "Description": "android需要先在手机上安装打开相应文件的第三方软件",
      "ReturnType": "",
      "ReturnType_JavaScript": "",
      "ReturnDesc": "成功返回true，失败返回false",
      "Paras": [
        {
          "ID": "path",
          "Name": "文档存放地址",
          "Type": "String",
          "Type_JavaScript": "String",
          "Required": 1,
          "DefaultValue": "",
          "Description": "只支持data://目录"
        }
      ]
    },
    {
      "ID": "openMail",
      "Name": "打开发送邮件界面",
      "Description": "",
      "ReturnType": "",
      "ReturnType_JavaScript": "",
      "ReturnDesc": "",
      "Paras": [
        {
          "ID": "to",
          "Name": "收信人地址",
          "Type": "String",
          "Type_JavaScript": "String",
          "Required": 1,
          "DefaultValue": "",
          "Description": ""
        },
        {
          "ID": "subject",
          "Name": "邮件标题",
          "Type": "String",
          "Type_JavaScript": "String",
          "Required": 0,
          "DefaultValue": "",
          "Description": "邮件标题"
        },
        {
          "ID": "body",
          "Name": "邮件正文",
          "Type": "String",
          "Type_JavaScript": "String",
          "Required": 0,
          "DefaultValue": "",
          "Description": "邮件正文"
        }
      ]
    },
    {
      "ID": "openSMS",
      "Name": "打开发送短信界面",
      "Description": "",
      "ReturnType": "",
      "ReturnType_JavaScript": "",
      "ReturnDesc": "",
      "Paras": [
        {
          "ID": "number",
          "Name": "手机号",
          "Type": "String",
          "Type_JavaScript": "String",
          "Required": 1,
          "DefaultValue": "",
          "Description": "手机号"
        },
        {
          "ID": "body",
          "Name": "内容",
          "Type": "String",
          "Type_JavaScript": "String",
          "Required": 0,
          "DefaultValue": "",
          "Description": "内容"
        }
      ]
    },
    {
      "ID": "openSystemSetting",
      "Name": "打开系统设置界面",
      "Description": "",
      "ReturnType": "",
      "ReturnType_JavaScript": "",
      "ReturnDesc": "",
      "Paras": [
        {
          "ID": "type",
          "Name": "类型",
          "Type": "String",
          "Type_JavaScript": "String",
          "Required": 1,
          "DefaultValue": "",
          "Description": "目前支持GPS：打开GPS设置界面"
        }
      ]
    },
    {
      "ID": "openURL",
      "Name": "调用系统默认浏览器",
      "Description": "该方法可调用移动设备系统自带的浏览器打开指定的url",
      "ReturnType": "",
      "ReturnType_JavaScript": "",
      "ReturnDesc": "",
      "Paras": [
        {
          "ID": "url",
          "Name": "url",
          "Type": "String",
          "Type_JavaScript": "String",
          "Required": 1,
          "DefaultValue": "",
          "Description": "要访问的url地址"
        }
      ]
    }
  ],
  "asyncMethodes": []
}