﻿{
  "ID": "do_Label",
  "IsContainer": "0",
  "Type": "UI",
  "UIType": "View",
  "Name": "标签框",
  "Version": "Internal",
  "Description": "文本标签框，用于显示文本文字，设置字体样式、大小、内容对齐",
  "Icon": "https://do-store.oss-cn-beijing.aliyuncs.com/D/20160121/do_Label/label.jpg",
  "BBS": "",
  "Keyword": "其它类型",
  "IOS": {
    "Support": 1,
    "MinVersion": "7.0"
  },
  "Android": {
    "Support": 1,
    "MinVersion": "4.0"
  },
  "Windows": {
    "Support": 1,
    "MinVersion": "10"
  },
  "WindowsPhone": {
    "Support": 1,
    "MinVersion": "10"
  },
  "Html": {
    "Support": 1,
    "MinVersion": "5.0"
  },
  "Properties": [
    {
      "ID": "fontColor",
      "Name": "字体颜色",
      "Type": "String",
      "Type_JavaScript": "String",
      "DefaultValue": "000000FF",
      "EditType": "1",
      "Group": "",
      "Description": "设置字体显示颜色，值格式为：8位16进制字符，前6位是RGB颜色值，后两位是透明度（Alpha），例如：000000FF",
      "Design": {
        "Type": "Color",
        "Data": []
      }
    },
    {
      "ID": "fontSize",
      "Name": "字体大小",
      "Type": "Number",
      "Type_JavaScript": "Number",
      "DefaultValue": "17",
      "EditType": "1",
      "Group": "",
      "Description": "",
      "Design": {
        "Type": "UInteger",
        "Data": []
      }
    },
    {
      "ID": "fontStyle",
      "Name": "字体风格",
      "Type": "String",
      "Type_JavaScript": "String",
      "DefaultValue": "normal",
      "EditType": "1",
      "Group": "",
      "Description": "包含4种类型：normal：常规bold：粗体italic：斜体bold_italic：粗斜体（iOS平台不支持）",
      "Design": {
        "Type": "List",
        "Data": [
          {
            "id": "normal",
            "value": "常规"
          },
          {
            "id": "bold",
            "value": "粗体"
          },
          {
            "id": "italic",
            "value": "斜体"
          },
          {
            "id": "bold_italic",
            "value": "粗斜体"
          }
        ]
      }
    },
    {
      "ID": "linesSpace",
      "Name": "行间距",
      "Type": "Number",
      "Type_JavaScript": "Number",
      "DefaultValue": "",
      "EditType": "1",
      "Group": "",
      "Description": "设置每行字之间的间距，windows平台不支持",
      "Design": {
        "Type": "UInteger",
        "Data": []
      }
    },
    {
      "ID": "maxHeight",
      "Name": "最大高度",
      "Type": "Number",
      "Type_JavaScript": "Number",
      "DefaultValue": "",
      "EditType": "0",
      "Group": "",
      "Description": "设置文本框显示最大高度值，只有在设置Height属性值为-1时有效，否则不起作用",
      "Design": {
        "Type": "UInteger",
        "Data": []
      }
    },
    {
      "ID": "maxLines",
      "Name": "最多行数",
      "Type": "Number",
      "Type_JavaScript": "Number",
      "DefaultValue": "1",
      "EditType": "0",
      "Group": "",
      "Description": "最大行数，说明：设置文本内容显示最大行数，如显示内容超过了最大行值则结尾用省略号...表示（iOS只有设置成1时才会显示...）；缺省为1行，如果为小于或等于0表示不限行数；当高度为-1时设置该属性无效",
      "Design": {
        "Type": "UInteger",
        "Data": []
      }
    },
    {
      "ID": "maxWidth",
      "Name": "最大宽度",
      "Type": "Number",
      "Type_JavaScript": "Number",
      "DefaultValue": "",
      "EditType": "0",
      "Group": "",
      "Description": "label的width为\"－1\"的时候，label会根据text内容自动适配变宽，但是不会宽于maxWidth",
      "Design": {
        "Type": "UInteger",
        "Data": []
      }
    },
    {
      "ID": "text",
      "Name": "文本显示内容",
      "Type": "String",
      "Type_JavaScript": "String",
      "DefaultValue": "",
      "EditType": "1",
      "Group": "",
      "Description": "获取或设置与此控件关联的文本。",
      "Design": {
        "Type": "Richtext",
        "Data": []
      }
    },
    {
      "ID": "textAlign",
      "Name": "文本对齐方式",
      "Type": "String",
      "Type_JavaScript": "String",
      "DefaultValue": "left",
      "EditType": "0",
      "Group": "",
      "Description": "对齐方式为以下3种：left 左对齐（默认）；center 居中；right 右对齐。",
      "Design": {
        "Type": "List",
        "Data": [
          {
            "id": "left",
            "value": "左对齐"
          },
          {
            "id": "center",
            "value": "居中"
          },
          {
            "id": "right",
            "value": "右对齐"
          }
        ]
      }
    },
    {
      "ID": "textFlag",
      "Name": "字体标示",
      "Type": "String",
      "Type_JavaScript": "String",
      "DefaultValue": "normal",
      "EditType": "0",
      "Group": "",
      "Description": "包含3种类型：normal：常规underline ：下划线strikethrough ：删除线",
      "Design": {
        "Type": "List",
        "Data": [
          {
            "id": "normal",
            "value": "常规"
          },
          {
            "id": "underline",
            "value": "下划线"
          },
          {
            "id": "strikethrough",
            "value": "删除线"
          }
        ]
      }
    }
  ],
  "Events": [],
  "syncMethodes": [],
  "asyncMethodes": []
}