﻿{
  "ID": "do_Storage",
  "IsContainer": "0",
  "Type": "SM",
  "UIType": "Layout",
  "Name": "文件管理类",
  "Version": "Internal",
  "Description": "DeviceOne定义了自己的文件URI，用户可以利用Storage类来处理各种文件操作，用户可对data://目录进行读写操作（缺省为utf-8格式）。目前暂时不支持中文目录和中文文件名",
  "Icon": "",
  "BBS": "",
  "Keyword": "设备功能",
  "IOS": {
    "Support": 1,
    "MinVersion": "7.0"
  },
  "Android": {
    "Support": 1,
    "MinVersion": "4.0"
  },
  "Windows": {
    "Support": 1,
    "MinVersion": "10"
  },
  "WindowsPhone": {
    "Support": 1,
    "MinVersion": "10"
  },
  "Html": {
    "Support": 1,
    "MinVersion": "5.0"
  },
  "Properties": [],
  "Events": [],
  "syncMethodes": [
    {
      "ID": "dirExist",
      "Name": "判断目录是否存在",
      "Description": "判断指定目录是否存在",
      "ReturnType": "Bool",
      "ReturnType_JavaScript": "Bool",
      "ReturnDesc": "返回true为存在，false为不存在",
      "Paras": [
        {
          "ID": "path",
          "Name": "目录路径",
          "Type": "String",
          "Type_JavaScript": "String",
          "Required": 1,
          "DefaultValue": "",
          "Description": ""
        }
      ]
    },
    {
      "ID": "fileExist",
      "Name": "判断文件是否存在",
      "Description": "判断指定文件是否存在",
      "ReturnType": "Bool",
      "ReturnType_JavaScript": "Bool",
      "ReturnDesc": "返回true为存在，false为不存在",
      "Paras": [
        {
          "ID": "path",
          "Name": "文件路径",
          "Type": "String",
          "Type_JavaScript": "String",
          "Required": 1,
          "DefaultValue": "",
          "Description": ""
        }
      ]
    },
    {
      "ID": "getFileSize",
      "Name": "获取文件大小",
      "Description": "获取指定文件的大小",
      "ReturnType": "String",
      "ReturnType_JavaScript": "String",
      "ReturnDesc": "返回获取到的文件大小，单位为字节，若path为一个目录或不存在的文件，则返回0",
      "Paras": [
        {
          "ID": "path",
          "Name": "文件路径",
          "Type": "String",
          "Type_JavaScript": "String",
          "Required": 1,
          "DefaultValue": "",
          "Description": ""
        }
      ]
    },
    {
      "ID": "readFileSync",
      "Name": "读取文件内容",
      "Description": "获取指定文件的内容的同步方法；使用需谨慎，若读取的数据较多会导致UI卡顿",
      "ReturnType": "String",
      "ReturnType_JavaScript": "String",
      "ReturnDesc": "返回读取到的指定文件的内容",
      "Paras": [
        {
          "ID": "path",
          "Name": "文件路径",
          "Type": "String",
          "Type_JavaScript": "String",
          "Required": 1,
          "DefaultValue": "",
          "Description": "文件名"
        },
        {
          "ID": "isSecurity",
          "Name": "是否加密读",
          "Type": "Bool",
          "Type_JavaScript": "Bool",
          "Required": 0,
          "DefaultValue": "false",
          "Description": "是否以加密方式读取文件，若文件是以加密方式写的，该参数不设置为true则无法读取；如果操作的是data://security目录，则该属性无效，默认解密"
        },
        {
          "ID": "encoding",
          "Name": "编码格式",
          "Type": "String",
          "Type_JavaScript": "String",
          "Required": 0,
          "DefaultValue": "utf-8",
          "Description": "读文件的编码格式，暂只支持utf-8和gbk两种"
        }
      ]
    }
  ],
  "asyncMethodes": [
    {
      "ID": "copy",
      "Name": "拷贝文件",
      "Description": "将指定的一个或多个文件拷贝到一个目录下",
      "ReturnType": "Bool",
      "ReturnType_JavaScript": "Bool",
      "ReturnDesc": "true/false表明拷贝是否成功",
      "Paras": [
        {
          "ID": "source",
          "Name": "拷贝文件名",
          "Type": "Node",
          "Type_JavaScript": "Node",
          "Required": 1,
          "DefaultValue": "",
          "Description": "可支持单独拷贝一个文件，或好几个文件同时拷贝"
        },
        {
          "ID": "target",
          "Name": "目标路径",
          "Type": "String",
          "Type_JavaScript": "String",
          "Required": 1,
          "DefaultValue": "",
          "Description": "拷贝的路径"
        }
      ]
    },
    {
      "ID": "copyFile",
      "Name": "拷贝文件",
      "Description": "拷贝指定文件",
      "ReturnType": "Bool",
      "ReturnType_JavaScript": "Bool",
      "ReturnDesc": "true/false表明拷贝是否成功",
      "Paras": [
        {
          "ID": "source",
          "Name": "拷贝源文件",
          "Type": "String",
          "Type_JavaScript": "String",
          "Required": 1,
          "DefaultValue": "",
          "Description": "只支持单独拷贝一个文件，需要为全路径"
        },
        {
          "ID": "target",
          "Name": "目标文件",
          "Type": "String",
          "Type_JavaScript": "String",
          "Required": 1,
          "DefaultValue": "",
          "Description": "拷贝后的目标文件，需要为全路径，不支持data://security目录"
        }
      ]
    },
    {
      "ID": "deleteDir",
      "Name": "删除目录",
      "Description": "删除指定目录以及这个目录下所有目录和文件，",
      "ReturnType": "Bool",
      "ReturnType_JavaScript": "Bool",
      "ReturnDesc": "true或者false表明删除目录是否存在，即要删除的文件是否不存在，不存在会返回true",
      "Paras": [
        {
          "ID": "path",
          "Name": "目录路径",
          "Type": "String",
          "Type_JavaScript": "String",
          "Required": 1,
          "DefaultValue": "",
          "Description": ""
        }
      ]
    },
    {
      "ID": "deleteFile",
      "Name": "删除文件",
      "Description": "删除指定文件",
      "ReturnType": "Bool",
      "ReturnType_JavaScript": "Bool",
      "ReturnDesc": "true或者false表明删除文件是否存在，即要删除的文件是否不存在，不存在会返回true",
      "Paras": [
        {
          "ID": "path",
          "Name": "文件路径",
          "Type": "String",
          "Type_JavaScript": "String",
          "Required": 1,
          "DefaultValue": "",
          "Description": "文件名"
        }
      ]
    },
    {
      "ID": "getDirs",
      "Name": "获取目录列表",
      "Description": "获取指定目录下所有目录列表",
      "ReturnType": "Node",
      "ReturnType_JavaScript": "Node",
      "ReturnDesc": "返回是一个JSON Array，里面是文件目录的列表，比如[\"1\",\"2\",...]直接返回path下的目录路径",
      "Paras": [
        {
          "ID": "path",
          "Name": "目录路径",
          "Type": "String",
          "Type_JavaScript": "String",
          "Required": 1,
          "DefaultValue": "",
          "Description": ""
        }
      ]
    },
    {
      "ID": "getFiles",
      "Name": "获取文件列表",
      "Description": "获取指定目录下所有文件列表",
      "ReturnType": "Node",
      "ReturnType_JavaScript": "Node",
      "ReturnDesc": "返回是一个JSON Array，里面是文件名的列表，比如[\"1.txt\",\"2.png\",...]直接返回path下的文件路径",
      "Paras": [
        {
          "ID": "path",
          "Name": "目录路径",
          "Type": "String",
          "Type_JavaScript": "String",
          "Required": 1,
          "DefaultValue": "",
          "Description": ""
        }
      ]
    },
    {
      "ID": "readFile",
      "Name": "读取文件内容",
      "Description": "获取指定文件的内容",
      "ReturnType": "String",
      "ReturnType_JavaScript": "String",
      "ReturnDesc": "返回读取到的指定文件的内容",
      "Paras": [
        {
          "ID": "path",
          "Name": "文件路径",
          "Type": "String",
          "Type_JavaScript": "String",
          "Required": 1,
          "DefaultValue": "",
          "Description": "文件名"
        },
        {
          "ID": "isSecurity",
          "Name": "是否加密读",
          "Type": "Bool",
          "Type_JavaScript": "Bool",
          "Required": 0,
          "DefaultValue": "false",
          "Description": "是否以加密方式读取文件，如果操作的是data://security目录，则该属性无效，默认解密"
        },
        {
          "ID": "encoding",
          "Name": "编码格式",
          "Type": "String",
          "Type_JavaScript": "String",
          "Required": 0,
          "DefaultValue": "utf-8",
          "Description": "读文件的编码格式，暂只支持utf-8和gbk两种"
        }
      ]
    },
    {
      "ID": "unzip",
      "Name": "解压缩文件",
      "Description": "将指定的zip文件解压到指定的路径",
      "ReturnType": "Bool",
      "ReturnType_JavaScript": "Bool",
      "ReturnDesc": "true/false表明解压缩是否成功",
      "Paras": [
        {
          "ID": "source",
          "Name": "解压缩文件名",
          "Type": "String",
          "Type_JavaScript": "String",
          "Required": 1,
          "DefaultValue": "",
          "Description": "解压压缩文件名"
        },
        {
          "ID": "target",
          "Name": "解压后目录路径",
          "Type": "String",
          "Type_JavaScript": "String",
          "Required": 1,
          "DefaultValue": "",
          "Description": "不支持data://security目录"
        }
      ]
    },
    {
      "ID": "writeFile",
      "Name": "写文件",
      "Description": "把指定字符串写入指定文件，完全覆盖",
      "ReturnType": "Bool",
      "ReturnType_JavaScript": "Bool",
      "ReturnDesc": "true/false表明写文件是否成功",
      "Paras": [
        {
          "ID": "path",
          "Name": "文件名",
          "Type": "String",
          "Type_JavaScript": "String",
          "Required": 1,
          "DefaultValue": "",
          "Description": "文件名"
        },
        {
          "ID": "data",
          "Name": "要写入的文件内容字符串",
          "Type": "String",
          "Type_JavaScript": "String",
          "Required": 1,
          "DefaultValue": "",
          "Description": "要写入的文件内容字符串"
        },
        {
          "ID": "isSecurity",
          "Name": "是否加密写",
          "Type": "Bool",
          "Type_JavaScript": "Bool",
          "Required": 0,
          "DefaultValue": "false",
          "Description": "是否以加密方式写文件，如果操作的是data://security目录，则该属性无效，默认加密"
        },
        {
          "ID": "encoding",
          "Name": "编码格式",
          "Type": "String",
          "Type_JavaScript": "String",
          "Required": 0,
          "DefaultValue": "utf-8",
          "Description": "写文件的编码格式，暂只支持utf-8和gbk两种"
        }
      ]
    },
    {
      "ID": "zip",
      "Name": "压缩文件或目录",
      "Description": "将指定的路径或文件压缩成zip文件",
      "ReturnType": "Bool",
      "ReturnType_JavaScript": "Bool",
      "ReturnDesc": "true/false表明压缩是否成功",
      "Paras": [
        {
          "ID": "source",
          "Name": "目录路径或文件名",
          "Type": "String",
          "Type_JavaScript": "String",
          "Required": 1,
          "DefaultValue": "",
          "Description": ""
        },
        {
          "ID": "target",
          "Name": "压缩后文件名",
          "Type": "String",
          "Type_JavaScript": "String",
          "Required": 1,
          "DefaultValue": "",
          "Description": "压缩后文件名，需要具体指定到文件名"
        }
      ]
    },
    {
      "ID": "zipFiles",
      "Name": "压缩多个文件",
      "Description": "将指定的一个或多个文件压缩成zip文件",
      "ReturnType": "Bool",
      "ReturnType_JavaScript": "Bool",
      "ReturnDesc": "true/false表明压缩是否成功",
      "Paras": [
        {
          "ID": "source",
          "Name": "文件名",
          "Type": "Node",
          "Type_JavaScript": "Node",
          "Required": 1,
          "DefaultValue": "",
          "Description": "可支持压缩不在同一目录下的文件，只需指定文件路径"
        },
        {
          "ID": "target",
          "Name": "压缩后文件名",
          "Type": "String",
          "Type_JavaScript": "String",
          "Required": 1,
          "DefaultValue": "",
          "Description": "压缩后文件名，需要具体指定到文件名"
        }
      ]
    }
  ]
}