﻿{
  "ID": "do_SQLite",
  "IsContainer": "0",
  "Type": "MM",
  "UIType": "Layout",
  "Name": "SQLite3数据库",
  "Version": "Internal",
  "Description": "提供SQLite3数据库的访问接口",
  "Icon": "https://do-store.oss-cn-beijing.aliyuncs.com/D/20160121/do_SQLite/sqlite.jpg",
  "BBS": "",
  "Keyword": "设备功能",
  "IOS": {
    "Support": 1,
    "MinVersion": "7.0"
  },
  "Android": {
    "Support": 1,
    "MinVersion": "4.0"
  },
  "Windows": {
    "Support": 1,
    "MinVersion": "10"
  },
  "WindowsPhone": {
    "Support": 1,
    "MinVersion": "10"
  },
  "Html": {
    "Support": 1,
    "MinVersion": "5.0"
  },
  "Properties": [],
  "Events": [],
  "syncMethodes": [
    {
      "ID": "close",
      "Name": "关闭数据库",
      "Description": "关闭数据库链接",
      "ReturnType": "Bool",
      "ReturnType_JavaScript": "Bool",
      "ReturnDesc": "",
      "Paras": []
    },
    {
      "ID": "executeSync",
      "Name": "同步执行SQL语句",
      "Description": "用于执行任意的单条SQL语句",
      "ReturnType": "Bool",
      "ReturnType_JavaScript": "Bool",
      "ReturnDesc": "执行是否成功",
      "Paras": [
        {
          "ID": "sql",
          "Name": "SQL字符串",
          "Type": "String",
          "Type_JavaScript": "String",
          "Required": 1,
          "DefaultValue": "",
          "Description": ""
        },
        {
          "ID": "bind",
          "Name": "占位符的对应",
          "Type": "Node",
          "Type_JavaScript": "Node",
          "Required": 0,
          "DefaultValue": "",
          "Description": "是一个数组，里面每一项对应一个sql语句中的？占位符，支持三种类型：string、Number、Boolean"
        }
      ]
    },
    {
      "ID": "executeSync1",
      "Name": "同步执行SQL语句",
      "Description": "用于执行任意的多条SQL语句",
      "ReturnType": "Number",
      "ReturnType_JavaScript": "Number",
      "ReturnDesc": "当前影响行数",
      "Paras": [
        {
          "ID": "sqls",
          "Name": "SQL语句",
          "Type": "Node",
          "Type_JavaScript": "Node",
          "Required": 1,
          "DefaultValue": "",
          "Description": "要执行的多条SQL语句，用逗号隔开的JSON Array；如['insert into...','insert into...']"
        },
        {
          "ID": "isTransaction",
          "Name": "支持事务",
          "Type": "Bool",
          "Type_JavaScript": "Bool",
          "Required": 1,
          "DefaultValue": "false",
          "Description": "设置是否支持事务，默认false为不支持"
        }
      ]
    },
    {
      "ID": "open",
      "Name": "打开数据库",
      "Description": "打开一个本地数据库链接，只支持data://的路径或者:memory:，其中:memory:表示内存数据库",
      "ReturnType": "Bool",
      "ReturnType_JavaScript": "Bool",
      "ReturnDesc": "",
      "Paras": [
        {
          "ID": "path",
          "Name": "数据库路径",
          "Type": "String",
          "Type_JavaScript": "String",
          "Required": 1,
          "DefaultValue": "",
          "Description": ""
        }
      ]
    },
    {
      "ID": "querySync",
      "Name": "执行SQL查询语句",
      "Description": "用于执行查询语句的同步方法；使用需谨慎，若查询的数据较多会导致UI卡顿",
      "ReturnType": "Node",
      "ReturnType_JavaScript": "Node",
      "ReturnDesc": "返回的每一个元素都是json node，node的每一个节点都是column名比如[ {column1:'value1',clolumn2:'value2'},{column1:'value1',clolumn2:'value2'},...]",
      "Paras": [
        {
          "ID": "sql",
          "Name": "SQL字符串",
          "Type": "String",
          "Type_JavaScript": "String",
          "Required": 1,
          "DefaultValue": "",
          "Description": ""
        },
        {
          "ID": "bind",
          "Name": "占位符的对应",
          "Type": "Node",
          "Type_JavaScript": "Node",
          "Required": 0,
          "DefaultValue": "",
          "Description": "是一个数组，里面每一项对应一个sql语句中的？占位符，支持三种类型：string、Number、Boolean"
        }
      ]
    }
  ],
  "asyncMethodes": [
    {
      "ID": "execute",
      "Name": "异步执行SQL语句",
      "Description": "用于执行任意的单条SQL语句",
      "ReturnType": "Bool",
      "ReturnType_JavaScript": "Bool",
      "ReturnDesc": "执行是否成功",
      "Paras": [
        {
          "ID": "sql",
          "Name": "SQL字符串",
          "Type": "String",
          "Type_JavaScript": "String",
          "Required": 1,
          "DefaultValue": "",
          "Description": ""
        },
        {
          "ID": "bind",
          "Name": "占位符的对应",
          "Type": "Node",
          "Type_JavaScript": "Node",
          "Required": 0,
          "DefaultValue": "",
          "Description": "是一个数组，里面每一项对应一个sql语句中的？占位符，支持三种类型：string、Number、Boolean"
        }
      ]
    },
    {
      "ID": "execute1",
      "Name": "异步执行SQL语句",
      "Description": "用于执行任意的多条SQL语句",
      "ReturnType": "Number",
      "ReturnType_JavaScript": "Number",
      "ReturnDesc": "当前影响行数",
      "Paras": [
        {
          "ID": "sqls",
          "Name": "SQL语句",
          "Type": "Node",
          "Type_JavaScript": "Node",
          "Required": 1,
          "DefaultValue": "",
          "Description": "要执行的多条SQL语句，用逗号隔开的JSON Array；；如['insert into...','insert into...']"
        },
        {
          "ID": "isTransaction",
          "Name": "支持事务",
          "Type": "Bool",
          "Type_JavaScript": "Bool",
          "Required": 1,
          "DefaultValue": "false",
          "Description": "设置是否支持事务，默认false为不支持"
        }
      ]
    },
    {
      "ID": "query",
      "Name": "执行SQL查询语句",
      "Description": "用于执行查询语句",
      "ReturnType": "Node",
      "ReturnType_JavaScript": "Node",
      "ReturnDesc": "返回的每一个元素都是json node，node的每一个节点都是column名比如[ {column1:'value1',clolumn2:'value2'},{column1:'value1',clolumn2:'value2'},...]",
      "Paras": [
        {
          "ID": "sql",
          "Name": "SQL字符串",
          "Type": "String",
          "Type_JavaScript": "String",
          "Required": 1,
          "DefaultValue": "",
          "Description": ""
        },
        {
          "ID": "bind",
          "Name": "占位符的对应",
          "Type": "Node",
          "Type_JavaScript": "Node",
          "Required": 0,
          "DefaultValue": "",
          "Description": "是一个数组，里面每一项对应一个sql语句中的？占位符，支持三种类型：string、Number、Boolean"
        }
      ]
    }
  ]
}