﻿{
  "ID": "do_SlideView",
  "IsContainer": "0",
  "Type": "UI",
  "UIType": "Container",
  "Name": "滑动视图",
  "Version": "Internal",
  "Description": "这个UI组件包含多个子视图(UI文件），实现多个子视图之间左右平缓滑动效果，通过设置looping属性支持无限循环滑动，该组件还支持设置多个不同模板视图",
  "Icon": "https://do-store.oss-cn-beijing.aliyuncs.com/D/20160121/do_SlideView/滑动视图.jpg",
  "BBS": "",
  "Keyword": "其它类型",
  "IOS": {
    "Support": 1,
    "MinVersion": "7.0"
  },
  "Android": {
    "Support": 1,
    "MinVersion": "4.0"
  },
  "Windows": {
    "Support": 1,
    "MinVersion": "10"
  },
  "WindowsPhone": {
    "Support": 1,
    "MinVersion": "10"
  },
  "Html": {
    "Support": 1,
    "MinVersion": "5.0"
  },
  "Properties": [
    {
      "ID": "allowGesture",
      "Name": "是否支持手势滑动",
      "Type": "Bool",
      "Type_JavaScript": "Bool",
      "DefaultValue": "true",
      "EditType": "0",
      "Group": "",
      "Description": "当属性值为true时，组件可通过手势左右滑动来切换页面；为false时，手势无法滑动，只能通过修改index来切换页面",
      "Design": {
        "Type": "Boolean",
        "Data": []
      }
    },
    {
      "ID": "index",
      "Name": "当前滑动UIView索引",
      "Type": "Number",
      "Type_JavaScript": "Number",
      "DefaultValue": "0",
      "EditType": "1",
      "Group": "",
      "Description": "设置滑动视图索引值，默认为0",
      "Design": {
        "Type": "UInteger",
        "Data": []
      }
    },
    {
      "ID": "isAllCache",
      "Name": "是否缓存页面状态",
      "Type": "Bool",
      "Type_JavaScript": "Bool",
      "DefaultValue": "false",
      "EditType": "0",
      "Group": "",
      "Description": "为true的时候每一条数据缓存一个View，对应的ui文件和js文件只会加载一次，对应的dataRefresh事件只会触发一次，以后不管如何左右滑动都不再加载和触发事件。如果数据不多，建议设置为true\r\n为false时，可以复用View，对应的ui和js可能在来回滑动SlideView的时候会加载多次，而datarefreshed事件每次滑动到这一页就会触发一次。如果需要不想保留每一个页的状态变化，另外需加载较多数据的时候，建议使用false",
      "Design": {
        "Type": "Boolean",
        "Data": []
      }
    },
    {
      "ID": "looping",
      "Name": "左右无限滑动",
      "Type": "Bool",
      "Type_JavaScript": "Bool",
      "DefaultValue": "false",
      "EditType": "0",
      "Group": "",
      "Description": "左右无限循环滑动视图，设置值为true表示支持无限循环滑动，默认为false，windows不支持",
      "Design": {
        "Type": "Boolean",
        "Data": []
      }
    },
    {
      "ID": "templates",
      "Name": "显示视图对应UI模板文件",
      "Type": "Node",
      "Type_JavaScript": "Node",
      "DefaultValue": "",
      "EditType": "0",
      "Group": "",
      "Description": "可以设置一个或多个UI模板文件，值为String类型，多个模板之间分别用“,”分隔，例如：“source://view/temp/t0.ui,source://view/temp/t1.ui”",
      "Design": {
        "Type": "Richtext",
        "Data": []
      }
    }
  ],
  "Events": [
    {
      "ID": "indexChanged",
      "Description": "滑动显示当前视图后触发该事件",
      "ReturnType": "String",
      "ReturnType_JavaScript": "String",
      "ReturnDesc": "返回当前index"
    },
    {
      "ID": "touch",
      "Description": "点击cell触发",
      "ReturnType": "Node",
      "ReturnType_JavaScript": "Node",
      "ReturnDesc": "当前cell的index值,如：{'index':1}"
    }
  ],
  "syncMethodes": [
    {
      "ID": "bindItems",
      "Name": "绑定视图模板数据",
      "Description": "绑定数据类型为do_ListData实例",
      "ReturnType": "",
      "ReturnType_JavaScript": "",
      "ReturnDesc": "",
      "Paras": [
        {
          "ID": "data",
          "Name": "数据",
          "Type": "Node",
          "Type_JavaScript": "Node",
          "Required": 0,
          "DefaultValue": "",
          "Description": ""
        }
      ]
    },
    {
      "ID": "refreshItems",
      "Name": "刷新数据",
      "Description": "支持动态刷新当前视图显示数据",
      "ReturnType": "",
      "ReturnType_JavaScript": "",
      "ReturnDesc": "",
      "Paras": []
    },
    {
      "ID": "startLoop",
      "Name": "开始轮播",
      "Description": "当looping属性为true时，轮播会从右至左按index顺序循环；当looping为false时，顺序轮播完所有index页后再逆序轮播",
      "ReturnType": "",
      "ReturnType_JavaScript": "",
      "ReturnDesc": "",
      "Paras": [
        {
          "ID": "interval",
          "Name": "间隔时间",
          "Type": "Number",
          "Type_JavaScript": "Number",
          "Required": 0,
          "DefaultValue": "300",
          "Description": "轮播间隔时间，单位为毫秒"
        }
      ]
    },
    {
      "ID": "stopLoop",
      "Name": "停止轮播",
      "Description": "停止轮播",
      "ReturnType": "",
      "ReturnType_JavaScript": "",
      "ReturnDesc": "",
      "Paras": []
    }
  ],
  "asyncMethodes": []
}