﻿{
  "ID": "do_ViewShower",
  "IsContainer": "0",
  "Type": "UI",
  "Name": "多视图切换容器",
  "Version": "Internal",
  "Description": "ViewShower是一个包含多个子VIew的UI容器组件，每个子View的大小和容器大小一致，切换每个View可以添加动画效果，并且可以保持每个View的最后显示状态，支持动态的添加或删除。因为每一个子View在内存里都有对应的对象，所以用户不能在这个容器里添加太多子View。通常这个组件用于整个App的主界面，和底部一个BottomBar结合使用，点击底部按钮，切换不同的视图。",
  "Icon": "https://do-store.oss-cn-beijing.aliyuncs.com/D/20160121/do_ViewShower/属性动画.jpg",
  "IOS": {
    "Support": 1,
    "MinVersion": "7.0"
  },
  "Android": {
    "Support": 1,
    "MinVersion": "14"
  },
  "Windows": {
    "Support": 1,
    "MinVersion": "10"
  },
  "WindowsPhone": {
    "Support": 1,
    "MinVersion": "10"
  },
  "Html": {
    "Support": 1,
    "MinVersion": "5.0"
  },
  "Properties": [],
  "Events": [
    {
      "ID": "viewChanged",
      "Description": "View切换完成时触发",
      "ReturnType": "String",
      "ReturnType_JavaScript": "String",
      "ReturnDesc": "返回View切换后的id"
    }
  ],
  "syncMethodes": [
    {
      "ID": "addViews",
      "Name": "增加多个View",
      "Description": "",
      "ReturnType": "",
      "ReturnType_JavaScript": "",
      "ReturnDesc": "",
      "Paras": [
        {
          "ID": "data",
          "Name": "增加的View数组",
          "Type": "Node",
          "Type_JavaScript": "Node",
          "Required": 1,
          "DefaultValue": "",
          "Description": "要增加的View的索引，默认值为增加到最后，如果id已经存在，会覆盖之前的View，结构[{ id : '', path : ''},{id :'' , path : ''}, ..... ]"
        }
      ]
    },
    {
      "ID": "getView",
      "Name": "获取子View",
      "Description": "获取某个子view对应的ui文件RootView地址",
      "ReturnType": "String",
      "ReturnType_JavaScript": "String",
      "ReturnDesc": "子view对应的ui文件RootView地址",
      "Paras": [
        {
          "ID": "id",
          "Name": "id",
          "Type": "String",
          "Type_JavaScript": "String",
          "Required": 1,
          "DefaultValue": "",
          "Description": "要获取的View的id"
        }
      ]
    },
    {
      "ID": "removeView",
      "Name": "删除某个View",
      "Description": "",
      "ReturnType": "",
      "ReturnType_JavaScript": "",
      "ReturnDesc": "",
      "Paras": [
        {
          "ID": "id",
          "Name": "删除的View的id",
          "Type": "String",
          "Type_JavaScript": "String",
          "Required": 1,
          "DefaultValue": "",
          "Description": "要删除的View的id"
        }
      ]
    },
    {
      "ID": "showView",
      "Name": "切换View",
      "Description": "",
      "ReturnType": "",
      "ReturnType_JavaScript": "",
      "ReturnDesc": "",
      "Paras": [
        {
          "ID": "id",
          "Name": "",
          "Type": "String",
          "Type_JavaScript": "String",
          "Required": 1,
          "DefaultValue": "",
          "Description": "切换的目标View的 ID"
        },
        {
          "ID": "animationType",
          "Name": "过场动画类型",
          "Type": "String",
          "Type_JavaScript": "String",
          "Required": 0,
          "DefaultValue": "",
          "Description": "winphone8不支持该动画效果，android和ios支持。\r\n目前支持以下几种：\r\n'slide_l2r': 从左至右滑出\r\n'slide_r2l': 从右至左滑出\r\n'slide_b2t': 从底至上滑出\r\n'slide_t2b': 从上至底滑出\r\n'push_l2r': 从左至右推出\r\n'push_r2l': 从右至左推出\r\n'push_b2t': 从底至上推出\r\n'push_t2b': 从上至底推出\r\n'fade' : 淡入淡出\r\n'page_curl' : 上翻页\r\n'page_uncurl' : 下翻页\r\n'cube' :立体翻转"
        },
        {
          "ID": "animationTime",
          "Name": "",
          "Type": "Number",
          "Type_JavaScript": "Number",
          "Required": 0,
          "DefaultValue": "300",
          "Description": "动画效果持续时间，单位为ms毫秒"
        }
      ]
    }
  ],
  "asyncMethodes": []
}