[{"id":"do_ALayout","platform":"Android, iOS, WindowsPhone, WindowsPC","version":"1.1"},{"id":"do_Album","platform":"Android, iOS, WindowsPhone, WindowsPC","version":"3.2"},{"id":"do_Animation","platform":"Android, iOS, WindowsPhone, WindowsPC","version":"1.3"},{"id":"do_App","platform":"Android, iOS, WindowsPhone, WindowsPC","version":"1.3"},{"id":"do_Button","platform":"Android, iOS, WindowsPhone, WindowsPC","version":"2.8"},{"id":"do_Camera","platform":"Android, iOS, WindowsPhone, WindowsPC","version":"2.7"},{"id":"do_CoverFlowView","platform":"Android, iOS, WindowsPhone, WindowsPC","version":"1.8"},{"id":"do_DataCache","platform":"Android, iOS, WindowsPhone, WindowsPC","version":"2.3"},{"id":"do_Device","platform":"Android, iOS, WindowsPhone, WindowsPC","version":"3.7"},{"id":"do_External","platform":"Android, iOS, WindowsPhone, WindowsPC","version":"2.8"},{"id":"do_Global","platform":"Android, iOS, WindowsPhone, WindowsPC","version":"1.2"},{"id":"do_GridView","platform":"Android, iOS, WindowsPhone, WindowsPC","version":"3.9"},{"id":"do_HashData","platform":"Android, iOS, WindowsPhone, WindowsPC","version":"1.9"},{"id":"do_Http","platform":"Android, iOS, WindowsPhone, WindowsPC","version":"5.2"},{"id":"do_ImageBrowser","platform":"Android, iOS, WindowsPhone, WindowsPC","version":"3.4"},{"id":"do_ImageView","platform":"Android, iOS, WindowsPhone, WindowsPC","version":"4.5"},{"id":"do_InitData","platform":"Android, iOS, WindowsPhone, WindowsPC","version":"1.1"},{"id":"do_Label","platform":"Android, iOS, WindowsPhone, WindowsPC","version":"3.2"},{"id":"do_LinearLayout","platform":"Android, iOS, WindowsPhone, WindowsPC","version":"1.2"},{"id":"do_ListData","platform":"Android, iOS, WindowsPhone, WindowsPC","version":"2.2"},{"id":"do_ListView","platform":"Android, iOS, WindowsPhone, WindowsPC","version":"6.1"},{"id":"do_Network","platform":"Android, iOS, WindowsPhone, WindowsPC","version":"2.4"},{"id":"do_Notification","platform":"Android, iOS, WindowsPhone, WindowsPC","version":"3.2"},{"id":"do_Page","platform":"Android, iOS, WindowsPhone, WindowsPC","version":"1.3"},{"id":"do_ProgressBar","platform":"Android, iOS, WindowsPhone, WindowsPC","version":"1.9"},{"id":"do_ScrollView","platform":"Android, iOS, WindowsPhone, WindowsPC","version":"4.7"},{"id":"do_SlideView","platform":"Android, iOS, WindowsPhone, WindowsPC","version":"5.1"},{"id":"do_SQLite","platform":"Android, iOS, WindowsPhone, WindowsPC","version":"2.9"},{"id":"do_Storage","platform":"Android, iOS, WindowsPhone, WindowsPC","version":"1.5"},{"id":"do_SwitchView","platform":"Android, iOS, WindowsPhone, WindowsPC","version":"2.2"},{"id":"do_TextBox","platform":"Android, iOS, WindowsPhone, WindowsPC","version":"5.3"},{"id":"do_TextField","platform":"Android, iOS, WindowsPhone, WindowsPC","version":"5.5"},{"id":"do_Timer","platform":"Android, iOS, WindowsPhone, WindowsPC","version":"2.3"},{"id":"do_ViewShower","platform":"Android, iOS, WindowsPhone, WindowsPC","version":"2.1"},{"id":"do_WebView","platform":"Android, iOS, WindowsPhone, WindowsPC","version":"1.9"}]